{
    "sacrebleu": 22.288235648138297,
    "rouge1": 0.39641359657100605,
    "rouge2": 0.15899658240045866,
    "rougeL": 0.26196904856745595,
    "rougeLsum": 0.34300811834445516,
    "meteor": 0.3740980835484129,
    "bertscore": 0.8692139387130737,
    "cer": 0.7691041709344413,
    "nist_mt": 2.705812193562261,
    "chrf": 36.841885830947106,
    "cosine_similarity": 0.7220828741788864
}