{
    "sacrebleu": 54.384435451904345,
    "rouge1": 0.6554538657996161,
    "rouge2": 0.4665811691032496,
    "rougeL": 0.5320770549529426,
    "rougeLsum": 0.5776901410761113,
    "meteor": 0.6030543272703021,
    "bertscore": 0.9173225164413452,
    "cer": 0.5668545067629174,
    "nist_mt": 4.393634282694038,
    "chrf": 62.06717713414231,
    "cosine_similarity": 0.7913325071334839
}